canonical_cpu,passmark_cpu_mark,passmark_name,source,benchmark_date,mapping_status
13th Gen Intel Core i5-13450HX,24392.0,Intel Core i5-13450HX,PassMark,2026-10-05,MATCHED
13th Gen Intel Core i7-13620H,23226.0,Intel Core i7-13620H,PassMark,2026-10-05,MATCHED
13th Gen Intel Core i7-13650HX,29926.0,Intel Core i7-13650HX,PassMark,2026-10-05,MATCHED
A18 Pro,12805.0,Apple A18 Pro,PassMark,2026-10-05,MATCHED
AMD Athlon Silver 10,3543.0,AMD Athlon Silver 10,PassMark,2026-10-05,MATCHED
AMD Octa Core Ryzen 7-170,20630.0,AMD Ryzen 7 170,PassMark,2026-10-05,MATCHED
AMD Ryzen 3-30,9027.0,AMD Ryzen 3 30,PassMark,2026-10-05,MATCHED
AMD Ryzen 3-5300U,9204.0,AMD Ryzen 3 5300U,PassMark,2026-10-05,MATCHED
AMD Ryzen 3-5400U,10746.0,AMD Ryzen 3 5400U,PassMark,2026-10-05,MATCHED
AMD Ryzen 3-7320U,8402.0,AMD Ryzen 3 7320U,PassMark,2026-10-05,MATCHED
AMD Ryzen 5-150,16966.0,AMD Ryzen 5 150,PassMark,2026-10-05,MATCHED
AMD Ryzen 5-220,18576.0,AMD Ryzen 5 220,PassMark,2026-10-05,MATCHED
AMD Ryzen 5-240,22664.0,AMD Ryzen 5 240,PassMark,2026-10-05,MATCHED
AMD Ryzen 5-240U,22664.0,AMD Ryzen 5 240,PassMark,2026-10-05,MATCHED
AMD Ryzen 5-40,9333.0,AMD Ryzen 5 40,PassMark,2026-10-05,MATCHED
AMD Ryzen 5-40 Processor,9299.0,AMD Ryzen 5 40,PassMark,2026-10-05,MATCHED
AMD Ryzen 5-5500U,12585.0,AMD Ryzen 5 5500U,PassMark,2026-10-05,MATCHED
AMD Ryzen 5-7430,15082.0,AMD Ryzen 5 7430U,PassMark,2026-10-05,MATCHED
AMD Ryzen 5-7430U,15082.0,AMD Ryzen 5 7430U,PassMark,2026-10-05,MATCHED
AMD Ryzen 5-7520U,8911.0,AMD Ryzen 5 7520U,PassMark,2026-10-05,MATCHED
AMD Ryzen 5-7530U,14882.0,AMD Ryzen 5 7530U,PassMark,2026-10-05,MATCHED
AMD Ryzen 5-7535HS,17581.0,AMD Ryzen 5 7535HS,PassMark,2026-10-05,MATCHED
AMD Ryzen 5-8640HS,19826.0,AMD Ryzen 5 8640HS w/ Radeon 760M Graphics,PassMark,2026-10-05,MATCHED
AMD Ryzen 5-8640U,19859.0,AMD Ryzen 5 8640U,PassMark,2026-10-05,MATCHED
AMD Ryzen 5-8645HS,21979.0,AMD Ryzen 5 8645HS,PassMark,2026-10-05,MATCHED
AMD Ryzen 7-170,20630.0,AMD Ryzen 7 170,PassMark,2026-10-05,MATCHED
AMD Ryzen 7-250,25028.0,AMD Ryzen 7 250,PassMark,2026-10-05,MATCHED
AMD Ryzen 7-260,27983.0,AMD Ryzen 7 260,PassMark,2026-10-05,MATCHED
AMD Ryzen 7-260U,27983.0,AMD Ryzen 7 260,PassMark,2026-10-05,MATCHED
AMD Ryzen 7-5825U,17777.0,AMD Ryzen 7 5825U,PassMark,2026-10-05,MATCHED
AMD Ryzen 7-7435HS,22573.0,AMD Ryzen 7 7435HS,PassMark,2026-10-05,MATCHED
AMD Ryzen 7-7445HS,18499.0,AMD Ryzen 7 7445HS,PassMark,2026-10-05,MATCHED
AMD Ryzen 7-7730U,16894.0,AMD Ryzen 7 7730U,PassMark,2026-10-05,MATCHED
AMD Ryzen 7-7735HS,22136.0,AMD Ryzen 7 7735HS,PassMark,2026-10-05,MATCHED
AMD Ryzen 7-8745HX,31426.0,AMD Ryzen 7 8745HX with Radeon Graphics,PassMark,2026-10-05,MATCHED
AMD Ryzen 7-8840HS,24546.0,AMD Ryzen 7 8840HS,PassMark,2026-10-05,MATCHED
AMD Ryzen 7-8840U,23396.0,AMD Ryzen 7 8840U,PassMark,2026-10-05,MATCHED
AMD Ryzen 7-8845HS,28260.0,AMD Ryzen 7 8845HS,PassMark,2026-10-05,MATCHED
AMD Ryzen 9-270,28898.0,AMD Ryzen 9 270,PassMark,2026-10-05,MATCHED
AMD Ryzen 9-8940HX,49483.0,AMD Ryzen 9 8940HX,PassMark,2026-10-05,MATCHED
AMD Ryzen 9-9955HX,56254.0,AMD Ryzen 9 9955HX,PassMark,2026-10-05,MATCHED
AMD Ryzen 9-9955HX 3D,62164.0,AMD Ryzen 9 9955HX3D,PassMark,2026-10-05,MATCHED
AMD Ryzen AI 5-330,12707.0,AMD Ryzen AI 5 330,PassMark,2026-10-05,MATCHED
AMD Ryzen AI 5-340,19527.0,AMD Ryzen AI 5 340,PassMark,2026-10-05,MATCHED
AMD Ryzen AI 5-430,13129.0,AMD Ryzen AI 5 430,PassMark,2026-10-05,MATCHED
AMD Ryzen AI 7-345,19971.0,AMD Ryzen AI 7 345 w/ Radeon 840M,PassMark,2026-10-05,MATCHED
AMD Ryzen AI 7-350,24969.0,AMD Ryzen AI 7 350,PassMark,2026-10-05,MATCHED
AMD Ryzen AI 7-445,18332.0,AMD Ryzen AI 7 445,PassMark,2026-10-05,MATCHED
AMD Ryzen AI 7-450,26256.0,AMD Ryzen AI 7 450 w/ Radeon 860M,PassMark,2026-10-05,MATCHED
AMD Ryzen AI 9 HX 370,34945.0,AMD Ryzen AI 9 HX 370,PassMark,2026-10-05,MATCHED
AMD Ryzen AI 9 HX-370,34945.0,AMD Ryzen AI 9 HX 370,PassMark,2026-10-05,MATCHED
AMD Ryzen AI 9 HX-375,35463.0,AMD Ryzen AI 9 HX 375 w/ Radeon 890M,PassMark,2026-10-05,MATCHED
AMD Ryzen AI 9-365,30338.0,AMD Ryzen AI 9 365,PassMark,2026-10-05,MATCHED
AMD Ryzen AI 9-465,29256.0,AMD Ryzen AI 9 465 w/ Radeon 880M,PassMark,2026-10-05,MATCHED
"AMD Ryzen AI 9-465 Processor 2.0GHz (34MB Cache, up to 5.0GHz, 10 cores, 20 Threads); AMD XDNA NPU up to 50TOPS",29256.0,AMD Ryzen AI 9 465,PassMark,2026-10-05,MATCHED
AMD Ryzen AI 9-HX 370,34945.0,AMD Ryzen AI 9 HX 370,PassMark,2026-10-05,MATCHED
AMD Ryzen AI MAX+ 395,54875.0,AMD Ryzen AI Max+ 395,PassMark,2026-10-05,MATCHED
AMD Ryzen AI Z2 Extreme,22519.0,AMD Ryzen AI Z2 Extreme,PassMark,2026-10-05,MATCHED
AMD Ryzen Z2 A,10008.0,AMD Ryzen Z2 A,PassMark,2026-10-05,MATCHED
AMD Ryzen Z2 Extreme,23200.0,AMD Ryzen Z2 Extreme,PassMark,2026-10-05,MATCHED
Intel Celeron N4500,1763.0,Intel Celeron N4500 @ 1.10GHz,PassMark,2026-10-05,MATCHED
Intel Core 3 N355,10510.0,Intel Core 3 N355,PassMark,2026-10-05,MATCHED
Intel Core 3-100U,12370.0,Intel Core 3 100U,PassMark,2026-10-05,MATCHED
Intel Core 5-120U,14877.0,Intel Core 5 120U,PassMark,2026-10-05,MATCHED
Intel Core 5-210H,18103.0,Intel Core 5 210H,PassMark,2026-10-05,MATCHED
Intel Core 5-320,15439.0,Intel Core 5 320,PassMark,2026-10-05,MATCHED
Intel Core 7-150U,14643.0,Intel Core 7 150U,PassMark,2026-10-05,MATCHED
Intel Core 7-240H,23970.0,Intel Core 7 240H,PassMark,2026-10-05,MATCHED
Intel Core 9-270H,27910.0,Intel Core 9 270H,PassMark,2026-10-05,MATCHED
Intel Core Ultra 5-115U,12381.0,Intel Ultra 5 115U,PassMark,2026-10-05,MATCHED
Intel Core Ultra 5-125H,19971.0,Intel Core Ultra 5 125H,PassMark,2026-10-05,MATCHED
Intel Core Ultra 5-125U,16675.0,Intel Core Ultra 5 125U,PassMark,2026-10-05,MATCHED
Intel Core Ultra 5-135H,21882.0,Intel Core Ultra 5 135H,PassMark,2026-10-05,MATCHED
Intel Core Ultra 5-225H,28027.0,Intel Core Ultra 5 225H,PassMark,2026-10-05,MATCHED
Intel Core Ultra 5-225U,17689.0,Intel Core Ultra 5 225U,PassMark,2026-10-05,MATCHED
Intel Core Ultra 5-226V,17926.0,Intel Core Ultra 5 226V,PassMark,2026-10-05,MATCHED
Intel Core Ultra 5-235U,17360.0,Intel Core Ultra 5 235U,PassMark,2026-10-05,MATCHED
Intel Core Ultra 5-322,14823.0,Intel Core Ultra 5 322,PassMark,2026-10-05,MATCHED
Intel Core Ultra 5-325,19218.0,Intel Core Ultra 5 325,PassMark,2026-10-05,MATCHED
Intel Core Ultra 5-332,14831.0,Intel Core Ultra 5 332,PassMark,2026-10-05,MATCHED
Intel Core Ultra 7-155H,24437.0,Intel Core Ultra 7 155H,PassMark,2026-10-05,MATCHED
Intel Core Ultra 7-155U,16128.0,Intel Core Ultra 7 155U,PassMark,2026-10-05,MATCHED
Intel Core Ultra 7-255H,30755.0,Intel Core Ultra 7 255H,PassMark,2026-10-05,MATCHED
Intel Core Ultra 7-255HX,47943.0,Intel Core Ultra 7 255HX,PassMark,2026-10-05,MATCHED
Intel Core Ultra 7-255U,17848.0,Intel Core Ultra 7 255U,PassMark,2026-10-05,MATCHED
Intel Core Ultra 7-256V,19491.0,Intel Core Ultra 7 256V,PassMark,2026-10-05,MATCHED
Intel Core Ultra 7-258V,18871.0,Intel Core Ultra 7 258V,PassMark,2026-10-05,MATCHED
Intel Core Ultra 7-265U,17509.0,Intel Core Ultra 7 265U,PassMark,2026-10-05,MATCHED
Intel Core Ultra 7-268V,19297.0,Intel Core Ultra 7 268V,PassMark,2026-10-05,MATCHED
Intel Core Ultra 7-355,20161.0,Intel Core Ultra 7 355,PassMark,2026-10-05,MATCHED
Intel Core Ultra 7-356H,34199.0,Intel Core Ultra 7 356H,PassMark,2026-10-05,MATCHED
Intel Core Ultra 7-365,20624.0,Intel Core Ultra 7 365,PassMark,2026-10-05,MATCHED
Intel Core Ultra 9-185H,28963.0,Intel Core Ultra 9 185H,PassMark,2026-10-05,MATCHED
Intel Core Ultra 9-275HX,55700.0,Intel Core Ultra 9 275HX,PassMark,2026-10-05,MATCHED
Intel Core Ultra 9-285H,34222.0,Intel Core Ultra 9 285H,PassMark,2026-10-05,MATCHED
Intel Core Ultra 9-288V,19803.0,Intel Core Ultra 9 288V,PassMark,2026-10-05,MATCHED
Intel Core Ultra 9-386H,36051.0,Intel Core Ultra 9 386H,PassMark,2026-10-05,MATCHED
Intel Core Ultra X7-358H,33516.0,Intel Core Ultra X7 358H,PassMark,2026-10-05,MATCHED
Intel Core i3-1215U,10080.0,Intel Core i3-1215U,PassMark,2026-10-05,MATCHED
Intel Core i3-1315U,10965.0,Intel Core i3-1315U,PassMark,2026-10-05,MATCHED
Intel Core i3-N305,9349.0,Intel Core i3-N305,PassMark,2026-10-05,MATCHED
Intel Core i5-1135G7,9296.0,Intel Core i5-1135G7 @ 2.40GHz,PassMark,2026-10-05,MATCHED
Intel Core i5-1235U,12409.0,Intel Core i5-1235U,PassMark,2026-10-05,MATCHED
Intel Core i5-1334U,12996.0,Intel Core i5-1334U,PassMark,2026-10-05,MATCHED
Intel Core i5-1335U,13770.0,Intel Core i5-1335U,PassMark,2026-10-05,MATCHED
Intel Core i5-13420H,16754.0,Intel Core i5-13420H,PassMark,2026-10-05,MATCHED
Intel Core i5-13450HX,24392.0,Intel Core i5-13450HX,PassMark,2026-10-05,MATCHED
Intel Core i5-13500H,20920.0,Intel Core i5-13500H,PassMark,2026-10-05,MATCHED
Intel Core i5-14500HX,28505.0,Intel Core i5-14500HX,PassMark,2026-10-05,MATCHED
Intel Core i7-1255U,12937.0,Intel Core i7-1255U,PassMark,2026-10-05,MATCHED
Intel Core i7-12650H,21222.0,Intel Core i7-12650H,PassMark,2026-10-05,MATCHED
Intel Core i7-1355U,13840.0,Intel Core i7-1355U,PassMark,2026-10-05,MATCHED
Intel Core i7-13620H,23226.0,Intel Core i7-13620H,PassMark,2026-10-05,MATCHED
Intel Core i7-13645HX,29452.0,Intel Core i7-13645HX,PassMark,2026-10-05,MATCHED
Intel Core i7-13650HX,29926.0,Intel Core i7-13650HX,PassMark,2026-10-05,MATCHED
Intel Core i7-13700H,25798.0,Intel Core i7-13700H,PassMark,2026-10-05,MATCHED
Intel Core i7-13700HX,31542.0,Intel Core i7-13700HX,PassMark,2026-10-05,MATCHED
Intel Core i7-14650HX,33365.0,Intel Core i7-14650HX,PassMark,2026-10-05,MATCHED
Intel Core i7-14700HX,36374.0,Intel Core i7-14700HX,PassMark,2026-10-05,MATCHED
Intel Core i9-12900H,26552.0,Intel Core i9-12900H,PassMark,2026-10-05,MATCHED
Intel Core i9-14900HX,43576.0,Intel Core i9-14900HX,PassMark,2026-10-05,MATCHED
Intel N150,5342.0,Intel N150,PassMark,2026-10-05,MATCHED
Intel N4500,1763.0,Intel Celeron N4500 @ 1.10GHz,PassMark,2026-10-05,MATCHED
Intel Processor N150,5342.0,Intel N150,PassMark,2026-10-05,MATCHED
"Intel Processor N150 0.8 GHz (6MB Cache, up to 3.6 GHz, 4 cores, 4 Threads)",5342.0,Intel N150,PassMark,2026-10-05,MATCHED
M1,14120.0,Apple M1 8 Core 3200 MHz,PassMark,2026-10-05,MATCHED
M2,15653.0,Apple M2 8 Core 3500 MHz,PassMark,2026-10-05,MATCHED
M3,14120.0,Apple M3 8 Core,PassMark,2026-10-05,MATCHED
M4,23572.0,Apple M4 10 Core,PassMark,2026-10-05,MATCHED
M4 Max,,,PassMark,2026-10-05,UNMAPPED
M4 Pro,,,PassMark,2026-10-05,UNMAPPED
M5,26753.0,Apple M5 10 Core,PassMark,2026-10-05,MATCHED
M5 Max,57794.0,Apple M5 Max 18 Core,PassMark,2026-10-05,MATCHED
M5 Pro,,,PassMark,2026-10-05,AMBIGUOUS
Snapdragon X Elite X1E 78 100,22695.0,Qualcomm Snapdragon X Elite - X1E-78-100,PassMark,2026-10-05,MATCHED
Snapdragon X Elite X1E-78-100,22695.0,Qualcomm Snapdragon X Elite - X1E-78-100,PassMark,2026-10-05,MATCHED
Snapdragon X Plus X1P-42-100,17823.0,Snapdragon X Plus - X1P42100 - Qualcomm Oryon,PassMark,2026-10-05,MATCHED
Snapdragon X X1 26 100,16366.0,Snapdragon X - X126100 - Qualcomm Oryon,PassMark,2026-10-05,MATCHED
