canonical_gpu,passmark_g3d_mark,passmark_name,source,benchmark_date,mapping_status
AMD Radeon,5175.0,Ryzen 7 7735HS with Radeon Graphics,PassMark,2026-10-05,MATCHED
AMD Radeon 610M Graphics,1273.0,Radeon 610M,PassMark,2026-10-05,MATCHED
AMD Radeon 660M,3126.0,Radeon 660M,PassMark,2026-10-05,MATCHED
AMD Radeon 660M Graphics,3126.0,Radeon 660M,PassMark,2026-10-05,MATCHED
AMD Radeon 680M,4016.0,Radeon 680M,PassMark,2026-10-05,MATCHED
AMD Radeon 680M Graphics,4016.0,Radeon 680M,PassMark,2026-10-05,MATCHED
AMD Radeon 780M Graphics,6739.0,Radeon 780M,PassMark,2026-10-05,MATCHED
AMD Radeon 8060S,18057.0,Radeon 8060S,PassMark,2026-10-05,MATCHED
AMD Radeon 820M,2201.0,Radeon 820M,PassMark,2026-10-05,MATCHED
AMD Radeon 820M Graphics,2201.0,Radeon 820M,PassMark,2026-10-05,MATCHED
AMD Radeon 840M Graphics,3667.0,Radeon 840M,PassMark,2026-10-05,MATCHED
AMD Radeon 860M Graphics,4873.0,Radeon 860M,PassMark,2026-10-05,MATCHED
AMD Radeon 880M Graphics,7600.0,Radeon 880M,PassMark,2026-10-05,MATCHED
AMD Radeon 890M Graphics,8062.0,Radeon 890M,PassMark,2026-10-05,MATCHED
AMD Radeon Graphic 660M,3126.0,Radeon 660M,PassMark,2026-10-05,MATCHED
AMD Radeon Graphic 680M,4016.0,Radeon 680M,PassMark,2026-10-05,MATCHED
AMD Radeon Graphics,,,PassMark,2026-10-05,AMBIGUOUS
Intel Arc 130V GPU,4514.0,Intel Arc 130V GPU,PassMark,2026-10-05,MATCHED
Intel Arc 140T Graphics,5634.0,Intel Arc 140T,PassMark,2026-10-05,MATCHED
Intel Arc 140V GPU,5142.0,Intel Arc 140V GPU,PassMark,2026-10-05,MATCHED
Intel Arc 140V Graphics,5142.0,Intel Arc 140V GPU,PassMark,2026-10-05,MATCHED
Intel Arc B390,8981.0,Intel Arc B390 GPU,PassMark,2026-10-05,MATCHED
Intel Arc Graphics,,,PassMark,2026-10-05,AMBIGUOUS
Intel Arc Graphics 130V,4514.0,Intel Arc 130V GPU,PassMark,2026-10-05,MATCHED
Intel Arc Graphics 140T,5634.0,Intel Arc 140T,PassMark,2026-10-05,MATCHED
Intel Arc Graphics 140V,5142.0,Intel Arc 140V GPU,PassMark,2026-10-05,MATCHED
Intel Graphics,3264.0,Intel Graphics,PassMark,2026-10-05,MATCHED
Intel Iris Xe Eligible,2587.0,Intel Iris Xe,PassMark,2026-10-05,MATCHED
Intel Iris Xe Graphics,2587.0,Intel Iris Xe,PassMark,2026-10-05,MATCHED
Intel UHD Graphics,1541.0,Intel UHD Graphics,PassMark,2026-10-05,MATCHED
NVIDIA GeForce MX570A 2GB,6219.0,GeForce MX570 A,PassMark,2026-10-05,MATCHED
NVIDIA GeForce RTX 2050 4GB GDDR6,7728.0,GeForce RTX 2050,PassMark,2026-10-05,MATCHED
NVIDIA GeForce RTX 3050 4GB,9506.0,GeForce RTX 3050 4GB Laptop GPU,PassMark,2026-10-05,MATCHED
NVIDIA GeForce RTX 3050 4GB GDDR6,9506.0,GeForce RTX 3050 4GB Laptop GPU,PassMark,2026-10-05,MATCHED
NVIDIA GeForce RTX 3050 6GB,10122.0,GeForce RTX 3050 6GB Laptop GPU,PassMark,2026-10-05,MATCHED
NVIDIA GeForce RTX 3050 6GB GDDR6,10122.0,GeForce RTX 3050 6GB Laptop GPU,PassMark,2026-10-05,MATCHED
NVIDIA GeForce RTX 3050 Laptop GPU 4GB GDDR6,9506.0,GeForce RTX 3050 4GB Laptop GPU,PassMark,2026-10-05,MATCHED
NVIDIA GeForce RTX 3050 Laptop GPU 6GB GDDR6,10121.0,GeForce RTX 3050 6GB Laptop GPU,PassMark,2026-10-05,MATCHED
NVIDIA GeForce RTX 3060 6GB,13095.0,GeForce RTX 3060 Laptop GPU,PassMark,2026-10-05,MATCHED
NVIDIA GeForce RTX 4050,14201.0,GeForce RTX 4050 Laptop GPU,PassMark,2026-10-05,MATCHED
NVIDIA GeForce RTX 4050 6GB,14201.0,GeForce RTX 4050 Laptop GPU,PassMark,2026-10-05,MATCHED
NVIDIA GeForce RTX 4050 6GB GDDR6,14201.0,GeForce RTX 4050 Laptop GPU,PassMark,2026-10-05,MATCHED
"NVIDIA GeForce RTX 4050 6GB GDDR6,",14201.0,GeForce RTX 4050 Laptop GPU,PassMark,2026-10-05,MATCHED
"NVIDIA GeForce RTX 4050 Laptop GPU, 6GB GDDR6",14201.0,GeForce RTX 4050 Laptop GPU,PassMark,2026-10-05,MATCHED
NVIDIA GeForce RTX 4060 8GB,17326.0,GeForce RTX 4060 Laptop GPU,PassMark,2026-10-05,MATCHED
NVIDIA GeForce RTX 4060 8GB GDDR6,17326.0,GeForce RTX 4060 Laptop GPU,PassMark,2026-10-05,MATCHED
NVIDIA GeForce RTX 4070 8G,19462.0,GeForce RTX 4070 Laptop GPU,PassMark,2026-10-05,MATCHED
NVIDIA GeForce RTX 4070 8GB,19462.0,GeForce RTX 4070 Laptop GPU,PassMark,2026-10-05,MATCHED
NVIDIA GeForce RTX 4080 12GB,24748.0,GeForce RTX 4080 Laptop GPU,PassMark,2026-10-05,MATCHED
NVIDIA GeForce RTX 4090 16GB,27031.0,GeForce RTX 4090 Laptop GPU,PassMark,2026-10-05,MATCHED
NVIDIA GeForce RTX 5050 8GB,14029.0,GeForce RTX 5050 Laptop GPU,PassMark,2026-10-05,MATCHED
NVIDIA GeForce RTX 5050 8GB GDDR7,14029.0,GeForce RTX 5050 Laptop GPU,PassMark,2026-10-05,MATCHED
NVIDIA GeForce RTX 5050 8GB GDDR7 VRAM,14029.0,GeForce RTX 5050 Laptop GPU,PassMark,2026-10-05,MATCHED
NVIDIA GeForce RTX 5050 Laptop GPU 8GB GDDR7,14029.0,GeForce RTX 5050 Laptop GPU,PassMark,2026-10-05,MATCHED
"NVIDIA GeForce RTX 5050 Laptop, 8GB GDDR7",14029.0,GeForce RTX 5050 Laptop GPU,PassMark,2026-10-05,MATCHED
NVIDIA GeForce RTX 5060 8GB,16758.0,GeForce RTX 5060 Laptop GPU,PassMark,2026-10-05,MATCHED
NVIDIA GeForce RTX 5060 8GB GDDR7,16758.0,GeForce RTX 5060 Laptop GPU,PassMark,2026-10-05,MATCHED
NVIDIA GeForce RTX 5060 Laptop GPU 8GB GDDR7,16758.0,GeForce RTX 5060 Laptop GPU,PassMark,2026-10-05,MATCHED
"NVIDIA GeForce RTX 5060 Laptop GPU, , 8GB GDDR7",16758.0,GeForce RTX 5060 Laptop GPU,PassMark,2026-10-05,MATCHED
"NVIDIA GeForce RTX 5060, 8GB GDDR7",16758.0,GeForce RTX 5060 Laptop GPU,PassMark,2026-10-05,MATCHED
NVIDIA GeForce RTX 5070 8GB,19118.0,GeForce RTX 5070 Laptop GPU,PassMark,2026-10-05,MATCHED
NVIDIA GeForce RTX 5070 8GB GDDR7,19118.0,GeForce RTX 5070 Laptop GPU,PassMark,2026-10-05,MATCHED
NVIDIA GeForce RTX 5070 Ti 12GB,22469.0,GeForce RTX 5070 Ti Laptop GPU,PassMark,2026-10-05,MATCHED
NVIDIA GeForce RTX 5070 Ti 12GB GDDR7,22469.0,GeForce RTX 5070 Ti Laptop GPU,PassMark,2026-10-05,MATCHED
"NVIDIA GeForce RTX 5070 Ti Laptop GPU, 12GB GDDR7",22469.0,GeForce RTX 5070 Ti Laptop GPU,PassMark,2026-10-05,MATCHED
"NVIDIA GeForce RTX 5070, 8GB GDDR7",19118.0,GeForce RTX 5070 Laptop GPU,PassMark,2026-10-05,MATCHED
NVIDIA GeForce RTX 5080 16GB,26280.0,GeForce RTX 5080 Laptop GPU,PassMark,2026-10-05,MATCHED
NVIDIA GeForce RTX 5080 16GB GDDR7,26280.0,GeForce RTX 5080 Laptop GPU,PassMark,2026-10-05,MATCHED
NVIDIA GeForce RTX 5090 24GB,39005.0,GeForce RTX 5090,PassMark,2026-10-05,MATCHED
NVIDIA GeForce RTX 5090 24GB GDDR7,39005.0,GeForce RTX 5090,PassMark,2026-10-05,MATCHED
Qualcomm Adreno,,,PassMark,2026-10-05,AMBIGUOUS
Qualcomm Adreno GPU,761.0,Qualcomm Adreno GPU,PassMark,2026-10-05,MATCHED
"Qualcomm Adreno GPU, Qualcomm Hexagon NPU up to 45TOPS",,,PassMark,2026-10-05,AMBIGUOUS
Qualcomm Adreno GPUs,,,PassMark,2026-10-05,AMBIGUOUS
Qualcomm Adreno Graphics,,,PassMark,2026-10-05,AMBIGUOUS
